jaw_width,face_height,cheekbone_width,chin_angle,label
0.3696656966421934,0.3133291916209641,0.36360035670838475,1.6027790148886187,Heart
0.44131071060667304,0.4014388209541015,0.43129971405651907,1.5028283534052524,Heart
0.38052141135139406,0.31881705316219966,0.3727405632871499,1.5560210082137875,Heart
0.5444212750630893,0.4142625921212508,0.5312157486631677,1.6509982878483656,Heart
0.2646892870547257,0.24912378271803678,0.2611450988204192,1.4947104827350979,Heart
0.33478784043759124,0.2988255519913971,0.3306607525841056,1.5922312953914335,Heart
0.5199133866824668,0.48059740406778856,0.5081902503117216,1.5065379585968734,Heart
0.5764614888211698,0.6631964654579687,0.5657717668989071,1.2922527319971933,Heart
0.503689165169747,0.4587316983775405,0.49251547920779987,1.5321179512594012,Heart
0.4490001296987553,0.38110073359920627,0.4436577461238554,1.6163297373286512,Heart
0.4510742669912222,0.27468947089521323,0.44455834480389045,1.9476092997773828,Heart
0.557887230448694,0.4809314298642739,0.5487044082461137,1.639067334421646,Heart
0.4376167658985009,0.3578599545857831,0.42909908872463143,1.5407868085870027,Heart
0.34824931537559,0.33144521599194704,0.34258890845932827,1.470605479628264,Heart
0.38069384301001724,0.5014241996194626,0.3759119205264565,1.1273385926014676,Heart
0.39591247197796076,0.3920439244860637,0.3900326109170425,1.4955507246616349,Heart
0.4249851824963422,0.4459224568872773,0.41661847313826156,1.412740041028574,Heart
0.3825515253294348,0.2967579619157838,0.37360436883570197,1.7126216450773577,Heart
0.3200993612209858,0.30404561287076703,0.31129114450338097,1.444880766251929,Heart
0.5107201043195825,0.42740378375171306,0.49810078747681474,1.6080956909092914,Heart
0.5682245957752595,0.6559002944301161,0.5542287154928022,1.2596237572534397,Heart
0.42783455319730784,0.4534194340313341,0.4182089335281521,1.3472743530434603,Heart
0.44173130688305745,0.4314656433760043,0.43464951559421305,1.4346791173847768,Heart
0.5039683983852715,0.4505582694847517,0.49237785431980496,1.5684415467738224,Heart
0.5272108982177706,0.46954490652856534,0.5149971303465068,1.4965161091162738,Heart
0.3411100612415989,0.30179751712005914,0.3366200246488751,1.5430402915281891,Heart
0.40162364857239313,0.45876331591551134,0.3950493594598379,1.2626575071201585,Heart
0.5921770401028338,0.6729652864323481,0.5779255964107319,1.2641438497516941,Heart
0.3958459147126266,0.32463097988244816,0.3895899223243095,1.609862467707403,Heart
0.38634167536913216,0.34179371603156244,0.38112512671993926,1.5701253101420438,Heart
0.49913664371713357,0.3864734502601785,0.4866186389022498,1.6991272549490215,Heart
0.659447305074627,0.6716593308166511,0.647384374316625,1.411758871529096,Heart
0.33898958056884926,0.3358758757348918,0.33236936041029624,1.4163381494406875,Heart
0.3471278424640579,0.3080528618855681,0.3419532923804244,1.501679265331315,Heart
0.6382222338949705,0.5844717089137277,0.6211801354010924,1.4540829747266864,Heart
0.2894366604533004,0.26934317036933336,0.28557846564867734,1.4821377604301278,Heart
0.5161088769472308,0.39117673062237823,0.5039849117332365,1.6788317197862486,Heart
0.5683652557642931,0.5334272083676063,0.5596948409293891,1.479157401759953,Heart
0.5993449179747439,0.5402586339937385,0.583810766426849,1.5026631153182972,Heart
0.46353827514527807,0.40734151549705017,0.4557419712303439,1.532034709623582,Heart
0.43038240585233395,0.3039839725673565,0.4175889395441271,1.6922684623845272,Heart
0.5750878567045322,0.6423768276334877,0.5680217251433165,1.2935058548227814,Heart
0.2979025665485773,0.28674636962942524,0.29286942418839756,1.4375803531081364,Heart
0.38993681778071737,0.3052412851187318,0.38249374139127695,1.6343568394891501,Heart
0.4681696908506278,0.4512164259750393,0.4586870175717444,1.4299574855853092,Heart
0.44987432901122626,0.3575663646138295,0.4394705135883179,1.6367573412393788,Heart
0.27944934217003964,0.24791951503899093,0.27353006680090797,1.5318639291362417,Heart
0.3838555881860579,0.31848602050074987,0.37783720059281484,1.6331415970065322,Heart
0.6204240886584279,0.5307745444833342,0.6116817415746729,1.60549138104592,Heart
0.4505924620352243,0.47577178374622686,0.43828162246839913,1.4162299371594331,Heart
0.41350400862122333,0.5401007832522362,0.4071846910606905,1.1536681877387485,Heart
0.5026888186248978,0.4159612288020052,0.4971825289432645,1.653617304643904,Heart
0.5191466410864348,0.38888518809076067,0.5061972467606277,1.6782525937182244,Heart
0.4211189446124675,0.33175044285433997,0.41277555078417516,1.6416107751908386,Heart
0.5065876367980514,0.482795981872421,0.4987592171626235,1.5035717684236134,Heart
0.3699691956106143,0.42728797886033315,0.3641099249483278,1.2412280195232,Heart
0.3448497110158021,0.27013138503056366,0.33719642401808236,1.595542283418879,Heart
0.4481885810913005,0.4172432010531869,0.4359063625167279,1.4257704722558449,Heart
0.514137546287362,0.49220743153225927,0.5027945500534524,1.4706602565167908,Heart
0.4459270833567848,0.4169803625570446,0.43633221146127904,1.4609284511967562,Heart
0.3938284767322921,0.3648895264485101,0.38479336049946083,1.473930292380901,Heart
0.3681191931608132,0.37071152789230977,0.35980368080644826,1.39624277614304,Heart
0.33996572370763634,0.31279844404616286,0.33445220556439775,1.5164034024210078,Heart
0.41263731062616427,0.35584128732773623,0.40465788311131995,1.562375837689248,Heart
0.5204463564009688,0.6111938307353144,0.5102171935152854,1.2844900968497834,Heart
0.4288819017038143,0.3548388210010969,0.42253044025406106,1.61266328708146,Heart
0.5777220044382936,0.5659721466858832,0.5662509652838749,1.4687989374755668,Heart
0.49480566177716234,0.4418163420210842,0.48301052011720297,1.6086849527190277,Heart
0.5080513041223846,0.4472269138905292,0.4968529997427875,1.5293350369834569,Heart
0.3390440199321665,0.35565704673481424,0.3320916589308825,1.3394481887577077,Heart
0.40470239746138026,0.3586643373223043,0.39418108549675324,1.530694417511571,Heart
0.29404333916272307,0.3217942804461946,0.28939352032209514,1.3175137423704881,Heart
0.4057666777830177,0.34217155820926903,0.3973836729132629,1.5487010238821524,Heart
0.49213620392234003,0.5205913258891883,0.4879359076041039,1.4021860921428146,Heart
0.4747731695048347,0.373956726840413,0.4690551484659315,1.6900031647334715,Heart
0.4715508730959571,0.4892524817760211,0.4646462382240125,1.4054021562189103,Heart
0.3741820324557176,0.3468005868514779,0.36620091827836315,1.4565488310500345,Heart
0.4214620885946852,0.3267176482242426,0.41274966845632727,1.6841074263743392,Heart
0.3927274709516527,0.35826592909877,0.3866539284197737,1.4917785986424585,Heart
0.4108227092420431,0.34013649604942614,0.40173160249589107,1.6361801689331616,Heart
0.3337526969069338,0.39767455356258546,0.3274785390029495,1.2715936596501751,Heart
0.4741815790629438,0.5417525278723998,0.4653193548823389,1.277218437678964,Heart
0.4859296697798347,0.4635632684890531,0.47541862323252154,1.375049375956755,Heart
0.49464992879169595,0.515627108359223,0.48425734463008313,1.3395420299013934,Heart
0.6299245907984298,0.6237626902363638,0.615126918040051,1.4084856346513968,Heart
0.42990711682816296,0.4144656070125593,0.42240568473301493,1.4753796665881864,Heart
0.4169894218823042,0.35073031922188547,0.4110834839867602,1.5907322717550194,Heart
0.5334345575340632,0.4547714518777636,0.5223825942459337,1.5396461836091855,Heart
0.650763262776137,0.688082878296519,0.6341737330654725,1.3306953849119076,Heart
0.4036634517724655,0.3479130254946414,0.39609961755205575,1.571641594455432,Heart
0.4451151076073902,0.38835206762623375,0.4349208883255555,1.5579841660180103,Heart
0.5841577355060668,0.4801189308034406,0.5747380799325565,1.6145877015378074,Heart
0.3979333163694501,0.3675065427285907,0.38926627253732604,1.4972821149356028,Heart
0.45636174794020345,0.3943219619484413,0.4455176469954788,1.5051411898931395,Heart
0.42569931346667733,0.42319948392986256,0.4178395274366832,1.405661920317343,Heart
0.4044187230810581,0.36587959547057036,0.39583917917147177,1.5093897423867215,Heart
0.3705918396125396,0.29010475601872315,0.3648336326845383,1.5813987093133386,Heart
0.39448890517843715,0.3386680585400291,0.3851434559110061,1.5723285537797866,Heart
0.4934157222875683,0.4722104411703259,0.481780722655262,1.412037856774011,Heart
0.49000057290641746,0.4244199314453524,0.479991906266306,1.5771924609452193,Heart
0.5004278296408254,0.46520770936207545,0.49405973284850796,1.52141789700535,Heart
0.32821944744603315,0.32044285826350344,0.3207165952656466,1.4073227483493629,Heart
0.42342993816137603,0.4960567607549667,0.419174831904913,1.3076038092011375,Heart
0.37176667568538646,0.3030972419776733,0.36668916303893306,1.58316117075906,Heart
0.37192139669135565,0.3922242756005494,0.3653506396178989,1.3514925541381797,Heart
0.516601983750724,0.4694005729183561,0.5015493370410896,1.5573746314490544,Heart
0.4603274824676711,0.5187589038116994,0.4527239692994853,1.3459003684997606,Heart
0.3613275563119098,0.4139348877601705,0.3558818173845934,1.3137264376067144,Heart
0.3662057301475561,0.3331109287402237,0.3581436944475308,1.4456843681887757,Heart
0.33843366382559015,0.31217079618147786,0.3325803934301244,1.45968587693117,Heart
0.36673033389275633,0.3120050396492619,0.3633454222324934,1.5540920218330019,Heart
0.3202965546702119,0.25678275313659027,0.3138245254575634,1.6385286364551686,Heart
0.4076711177574174,0.32639767442713724,0.4016208244791967,1.6876524994317545,Heart
0.5144521359927317,0.6214639667019726,0.5055686615097457,1.2327120629191939,Heart
0.4726587919989052,0.4702305750663982,0.46543741735404587,1.4244335827872552,Heart
0.42883962403516146,0.3725054248434235,0.42173238502643784,1.545211023330412,Heart
0.4477542929000228,0.4144738664670542,0.4355810269505207,1.5120144841230354,Heart
0.4732992718887049,0.354798592667757,0.461809596676754,1.757644669529251,Heart
0.614781942782939,0.7361659419069024,0.5989370307051998,1.2569362562704138,Heart
0.433315096533901,0.32901481807284744,0.42349081682987605,1.717656135794031,Heart
0.3828199171341391,0.31115241364286084,0.37695937619551745,1.588913392387498,Heart
0.45740890357240194,0.40739184724125876,0.44743053221417123,1.5651933495494257,Heart
0.543522293231395,0.47229446323131186,0.5308428158172199,1.5686838386505055,Heart
0.3318205577564518,0.2982137823133435,0.3241548645711208,1.4654097208219476,Heart
0.211803467168232,0.3363092779898563,0.2078327667872568,0.9142731026520298,Heart
0.4271419202900097,0.3758135782777908,0.4172766413198762,1.5214565643730908,Heart
0.3275673488232064,0.2988874924563797,0.3226306562837311,1.4412523974790687,Heart
0.524542659844073,0.39167929513065564,0.5138062030542697,1.6534956544635784,Heart
0.408549702247124,0.4049028675711829,0.3999709949182952,1.4586705684415724,Heart
0.5405793375597507,0.5210136258560241,0.5260113356396992,1.4469406897306518,Heart
0.4633685848352324,0.3557547110120439,0.45141847910795496,1.6684204676154972,Heart
0.4787304118679038,0.43967523619973625,0.46575551872243576,1.4149317462157969,Heart
0.4449075396538821,0.5274378003198825,0.43307444989367033,1.2493273196754142,Heart
0.6697804844754486,0.7939312132094359,0.6563901094574784,1.305945950353071,Heart
0.5339484601872561,0.5368982404346776,0.5275233462882528,1.4080723843080234,Heart
0.3632766553849123,0.3577880881149712,0.3589899008785682,1.4446709393768276,Heart
0.4835483506340109,0.41617631775923297,0.4742362545979767,1.5514362856603472,Heart
0.3093627014438176,0.24077466092330246,0.3033955541867799,1.613423723877929,Heart
0.38221607876542874,0.3001506445893735,0.3737479928072225,1.6398713873929665,Heart
0.41704439030603796,0.3874088415669384,0.40799546514865637,1.4781419650034335,Heart
0.3437397329649122,0.35198048303508056,0.33775611991788373,1.4787845561725115,Heart
0.4541310219040384,0.4865797550313114,0.441966665651226,1.26130555992271,Heart
0.5153550612216196,0.4328642889992247,0.5057536009005683,1.6406682544055171,Heart
0.48112420072171574,0.5227489327570068,0.46768371090653893,1.3081348575473941,Heart
0.2681129213577177,0.3202425291820551,0.2612004367949207,1.2259289576297823,Heart
0.4491564815061701,0.3657158505850164,0.4405800131808714,1.6487134973291646,Heart
0.531430360777921,0.4765407393042514,0.5172711366505314,1.4603356686846622,Heart
0.3456521198433678,0.28829196019925135,0.34007100819567093,1.6061334128709432,Heart
0.5377785404716546,0.4796364444889851,0.5263823484615543,1.4834817487822956,Heart
0.414144322178663,0.36967252966004943,0.406996279268916,1.6343880860591222,Heart
0.43774710688231,0.40691054334238763,0.4318723594637134,1.5389701855620725,Heart
0.3553256947990652,0.31954064939172616,0.3444237598207799,1.41751603933366,Heart
0.40542143819195103,0.45527343123834496,0.3978813661706536,1.3466971429129624,Heart
0.47402324777980676,0.38314232351944566,0.46040841453043646,1.5583054367028248,Heart
0.399313690319872,0.3382998474506619,0.39034401960549814,1.5638624004567423,Heart
0.42670801061568325,0.38366064575953784,0.4186859077958742,1.5089738728857414,Heart
0.4766861656179674,0.3737621232512337,0.47025089733842007,1.6777699104597457,Heart
0.4595030737917871,0.5033959088115436,0.44868417018818324,1.323066773469807,Heart
0.3770972204155961,0.3912335506654798,0.37119980263911734,1.374989734449803,Heart
0.566024545996611,0.5731272044191749,0.5539817354798721,1.4010927898158692,Heart
0.5270899260559958,0.397093827574212,0.5195145696514366,1.714619191107173,Heart
0.29271072604725495,0.22601618195936285,0.28470091674464626,1.6275348633110054,Heart
0.46699350026978953,0.44212912077846456,0.4597102201107932,1.5182054537673646,Heart
0.4705819981388372,0.39239847081958906,0.464333693990479,1.6109050766350508,Heart
0.5258605109920927,0.42139649407705476,0.5151863169678248,1.6830830962734105,Heart
0.5769246949000575,0.6719685185322237,0.5625407397269471,1.2417775831813622,Heart
0.4930178509455872,0.5192029063163647,0.4843083796999677,1.363784645641384,Heart
0.5121217203231849,0.45688049868543473,0.501457341621957,1.4960810949300332,Heart
0.44826594993621777,0.36619180899202963,0.43724560781672994,1.584083538861029,Heart
0.4712896379592398,0.4553668457991627,0.4603740029290736,1.417219548763767,Heart
0.5377303816858203,0.4667216507067169,0.5271043705813164,1.5674586846144685,Heart
0.408203843837344,0.3711704317713287,0.40008444783580965,1.5590342388925305,Heart
0.5493980956615632,0.49433521319258544,0.5408990476406805,1.53057291156555,Heart
0.4018662260621145,0.30130177989175916,0.3933706563741687,1.7005683831133813,Heart
0.5487792473415923,0.43176389481763183,0.5358289956696529,1.5861029143713152,Heart
0.43388495593023946,0.3618932036672081,0.42780380917008226,1.5356369570428299,Heart
0.4870834523990343,0.4751585993628071,0.47953476828591723,1.408860844553855,Heart
0.34764582014145856,0.3008322536535802,0.33808599338801715,1.4755285486190386,Heart
0.4162218764142416,0.3371740322381318,0.40962125197005217,1.5414475635042284,Heart
0.5828255809263051,0.5123631807912906,0.569101334012811,1.5545493512201367,Heart
0.5663081947634011,0.4953927145511721,0.554637239989016,1.542293637791275,Heart
0.5166294808895381,0.41781969627129795,0.5053574835211448,1.667364183923443,Heart
0.47714202683129886,0.3887082042366006,0.46966323392206294,1.5980836785404597,Heart
0.5726899613055014,0.49193788828317675,0.5628984431468524,1.5278027425614928,Heart
0.45793669046377455,0.39690317325092644,0.44822036586554387,1.4871643561276269,Heart
0.4652628244636092,0.436961267236977,0.4577140478429514,1.5169097213225495,Heart
0.5510335925341114,0.4483432457211488,0.5362106165683905,1.6026665146067989,Heart
0.4573012208863837,0.390444694980551,0.4504031714021513,1.570229996062939,Heart
0.32056367659340285,0.2938857269683765,0.31312257563224455,1.4752573689270068,Heart
0.40842806323815367,0.3108042572295763,0.4002484552282005,1.6923209247033038,Heart
0.4213604196752497,0.3373526851572899,0.4129506936388202,1.592203864186824,Heart
0.3581642000143934,0.31417566198352687,0.3511915616693782,1.550573512468186,Heart
0.47763244823168133,0.375139047007263,0.46684877953881987,1.6170254462541915,Heart
0.32693910586115404,0.38587999219259433,0.3216105191717343,1.2956024928485474,Heart
0.4673282063167442,0.41143668247793,0.458567835513906,1.5120246578716383,Heart
0.5287489465850523,0.5587733907351495,0.517861312250713,1.3511202355571013,Heart
0.47269805100360246,0.3915367023369476,0.4624560111511155,1.6367618321873814,Heart
0.37412037553759775,0.3030799410028331,0.36713954663797194,1.600765133154614,Heart
0.393312781878938,0.34797432934150013,0.3879740131973626,1.5130849367509576,Heart
0.4227992218604509,0.39509360910883073,0.41491055142650907,1.5474342474991816,Heart
0.3065872820459198,0.2819667623371593,0.3002739314518032,1.499429209875291,Oblong
0.30212054166071334,0.366415247967899,0.2985368084665854,1.2469374180899109,Oblong
0.44576992535276716,0.36524086446146464,0.43860577622497665,1.6874337562993478,Oblong
0.3115492265375722,0.3020124824037793,0.3068039165155824,1.477163060329571,Oblong
0.5159922648051322,0.4712051981759041,0.5028567467025958,1.4432792939275332,Oblong
0.3857718269080649,0.35545831323111843,0.3791911893958797,1.414261421753185,Oblong
0.3545596305259667,0.3607500097823632,0.3473644860080836,1.4045950535361573,Oblong
0.5179235889804652,0.561124058819971,0.5094273415297843,1.2976408158341715,Oblong
0.3775649826900098,0.36468946489303616,0.37185461580964113,1.4059565281823496,Oblong
0.23934977527269966,0.38428978608236786,0.23741129536747743,0.9528463149544254,Oblong
0.32547494495744905,0.32149245776763535,0.31874125819610144,1.3928177035235207,Oblong
0.4527381870371182,0.40006199131715187,0.4458601018347956,1.5699469256528686,Oblong
0.5475735741163262,0.4481302406643384,0.5349987637484737,1.5997097655983494,Oblong
0.3789670767255239,0.3351154882766817,0.3731179535619705,1.5381286202289413,Oblong
0.3930898928112151,0.3540962107463949,0.3849584680017457,1.531350988561413,Oblong
0.3664921318394015,0.3677729075522203,0.362138664742207,1.3532690488004808,Oblong
0.5161193246737139,0.45261536193294205,0.5065637938336617,1.547784834773827,Oblong
0.3580721744513488,0.4499448519285419,0.353531539600548,1.1654641255519749,Oblong
0.4521936273568867,0.419042699223729,0.44246371774640914,1.492594740140945,Oblong
0.46773876291536315,0.4261608832162475,0.46167871053716797,1.496527894484522,Oblong
0.527232865206263,0.47398606041696106,0.5156537131305355,1.5803939090253374,Oblong
0.45827824765452174,0.45436992914846297,0.45201852805468606,1.4515064913176436,Oblong
0.43029902593737285,0.5024151383368974,0.4235953959356141,1.2717251752295649,Oblong
0.5020563987702312,0.48412884937675105,0.4935107466510264,1.4475627448100905,Oblong
0.4779674346355029,0.6237716066864857,0.4678065751945447,1.0862009813600113,Oblong
0.2616606433853199,0.28370690531540493,0.2584925989227269,1.3349571481369347,Oblong
0.382029870776621,0.34151189751867495,0.3761942204436108,1.5240342681633539,Oblong
0.45460853894804787,0.33951865472682313,0.44501245364407943,1.658453248489042,Oblong
0.3404374843364078,0.31964772495613153,0.33549468978888236,1.4745568220472685,Oblong
0.4441087748282299,0.41292564240437474,0.4362964563323709,1.4952010827064168,Oblong
0.5534024929515782,0.685467544104525,0.5453305188612986,1.1921402985550733,Oblong
0.31476906039801517,0.2500976714797102,0.3075869995973938,1.5519764695791713,Oblong
0.36328520901359024,0.3606069914082359,0.3558432019398622,1.449087151548176,Oblong
0.42839273348731305,0.3892680613007208,0.4206116987084347,1.4562061712133874,Oblong
0.3860530870077386,0.311939014589862,0.37765821751340645,1.542088412679669,Oblong
0.36771799137328737,0.34898259628135725,0.3615888952786006,1.5109988578205142,Oblong
0.5211840452749927,0.6476791522972305,0.5140077478761589,1.2084797836238481,Oblong
0.4390244202370849,0.40050369781631534,0.42413551815677847,1.4421675137820291,Oblong
0.36814176763008394,0.31227056218388893,0.36112893611861024,1.5351074543452354,Oblong
0.5246171317675409,0.44786722281124053,0.512008637968729,1.5827285975529937,Oblong
0.41786769276426394,0.3459436780795908,0.408282763350104,1.4938058545204846,Oblong
0.37600036322335406,0.2957017660732796,0.36989275763776164,1.5959658245289505,Oblong
0.5331384226727887,0.5195615692761681,0.527537966679677,1.4410756167129564,Oblong
0.5377597085867846,0.47221686496700044,0.5276703001116908,1.5551936740537822,Oblong
0.15839981396659966,0.3827661010008139,0.15457822342454539,0.6658840497782649,Oblong
0.4511169028579986,0.45510274554237884,0.44512610465196073,1.4083743781219482,Oblong
0.41978004409886993,0.41499714523404985,0.41418181531800397,1.4549699609512665,Oblong
0.46005706309110506,0.39901985363252956,0.4494918774703071,1.5147525689225585,Oblong
0.3967945418600085,0.3433353626927917,0.38738440669896396,1.6046223710715604,Oblong
0.35007632087722557,0.3395969963631389,0.34494816730282785,1.4167151421117394,Oblong
0.4336416079593323,0.3534953882963626,0.42530916865648283,1.517351533925519,Oblong
0.4497869677840491,0.4770344271170903,0.44391676890404796,1.383276343905855,Oblong
0.3967830606426453,0.3846018120083301,0.3905559937927627,1.463031548464746,Oblong
0.4113969727345634,0.4942253761189324,0.40204549579657173,1.146441800764895,Oblong
0.5384721737846503,0.4531246365015471,0.5309084869426988,1.582206833781287,Oblong
0.456661022240425,0.5512080993138033,0.4487815063097175,1.1645869304607044,Oblong
0.4987072059072321,0.6258984248703038,0.48837991177859413,1.1513227474593952,Oblong
0.2149144876915348,0.3486016272521032,0.21227537503337945,0.9637842806697069,Oblong
0.503385452558149,0.6207027379144807,0.49604653671506754,1.2217910116534614,Oblong
0.35253438588781305,0.461482216893542,0.3433283497582009,1.1322374583329138,Oblong
0.609252998483424,0.49181167171236834,0.6011383353638681,1.72611339114168,Oblong
0.4870255887964686,0.4449329221027483,0.4797773801283835,1.4876935217409377,Oblong
0.4652114018045701,0.4711338162543815,0.45698396761969323,1.456929739625459,Oblong
0.3356967410522372,0.5168458487778486,0.32990078987778876,0.9843771901683411,Oblong
0.49843221135967714,0.47869035462523657,0.49230704605107883,1.4323472142985942,Oblong
0.3852603300012992,0.3355507423295678,0.3810775557627424,1.5456260302023468,Oblong
0.6377261568831443,0.6915617743046761,0.6237146218156007,1.3629855619176081,Oblong
0.35198673103784567,0.2776082496246482,0.3459135565393972,1.5962583314970948,Oblong
0.4093632037754126,0.3276930718250933,0.4015920544900636,1.569754969713171,Oblong
0.35300925346980705,0.3005440941150663,0.34614097173319025,1.5541656412522433,Oblong
0.3395515752119446,0.2851982761223872,0.3308725988718305,1.6038929321236297,Oblong
0.3384556158678699,0.30106611465523,0.3327436680137175,1.4961098625315095,Oblong
0.3586978099158939,0.2928060434428436,0.35286998754747767,1.648178063835422,Oblong
0.3203439715530068,0.2788873753932567,0.31348641837257546,1.4501720476797633,Oblong
0.5158200516793303,0.6523396433369467,0.5076767447959918,1.1793602989375098,Oblong
0.2703444603650466,0.34903983331248967,0.26666382872259625,1.201302333602574,Oblong
0.3249358523075287,0.27048567284618674,0.3186812359548504,1.55697849156576,Oblong
0.49613723883435223,0.6216167880568712,0.48792583456981414,1.1674896288817256,Oblong
0.3950261873505642,0.3229924020439852,0.39023645536545376,1.6315142720475249,Oblong
0.34808738641986803,0.3120476837113841,0.3442347213398283,1.5322943698569644,Oblong
0.3876290599129951,0.3413592711088328,0.38082868617845356,1.5386392371285114,Oblong
0.3929280847006309,0.35272302792493715,0.38503240501098135,1.5123218493572124,Oblong
0.4687133581089939,0.45091240050287057,0.4576085219403398,1.4784800743370983,Oblong
0.43024809240586614,0.38083922046674884,0.42180929716851434,1.5220951390537574,Oblong
0.4753675571867659,0.5998135115026938,0.4621092378188019,1.1331519743181877,Oblong
0.6705990127657839,0.42676088615652435,0.6474122185974549,1.7924900150891665,Oblong
0.3991201107519509,0.33632800032830146,0.39148934490144083,1.5036851032835181,Oblong
0.4409073811988478,0.5022657268576202,0.4349690757540644,1.2667944819606276,Oblong
0.3719875033990287,0.34239964251468197,0.3641661444088834,1.4613978587458396,Oblong
0.3578526786103885,0.3230353009547766,0.3513582509765487,1.6132177356197035,Oblong
0.4118571122920378,0.406100908148662,0.4054628943791045,1.4194136238940744,Oblong
0.3452335445789787,0.32695049127879117,0.3392947106077498,1.4394751653053333,Oblong
0.38979306098239824,0.362767732952654,0.3818690998122144,1.5177821180114515,Oblong
0.5069703266498646,0.47520950810417184,0.4983933684790692,1.5085514586929631,Oblong
0.3492812412533627,0.2982974699587909,0.3442759215276768,1.6462610547898147,Oblong
0.3840603044109922,0.3674200728136052,0.3810504279610274,1.5176395801733171,Oblong
0.39725531840367745,0.36943127361099193,0.3903253957700639,1.4880195957734101,Oblong
0.4196277176476954,0.3759311702627661,0.41424802681765066,1.4795344862635917,Oblong
0.4058323571908588,0.3380107240425784,0.3989345349778727,1.5238196835837325,Oblong
0.37894384705410866,0.31230116621559817,0.37490838823808664,1.5869463073060912,Oblong
0.40534949551644184,0.401020512073593,0.39382782093843016,1.4180458796463253,Oblong
0.314596761315747,0.41790453056728377,0.31008650021063333,1.1624488827492563,Oblong
0.33680546530456945,0.48812596455794977,0.3356001490311044,1.080346415716097,Oblong
0.34486213828759527,0.2958672844450449,0.3407138336475875,1.547586211429011,Oblong
0.43384946617705156,0.45834471927176834,0.43299599208732187,1.3973303089651619,Oblong
0.40550263448765234,0.3764410494605897,0.4006045052724111,1.4802021398933631,Oblong
0.3919873980660425,0.3503126089285423,0.38376560971489515,1.5174632649847815,Oblong
0.467487083192571,0.4327502723247465,0.4623045248808774,1.4831290043192487,Oblong
0.4252319225393165,0.38651448499606056,0.42252023728448374,1.540745668237207,Oblong
0.4763132469728268,0.4370062739831093,0.46970597323852503,1.566009704314935,Oblong
0.41548203908586484,0.3793143107202046,0.40694211566661714,1.4479173648655599,Oblong
0.5440279672593905,0.48058018752244724,0.5367197664550607,1.6069237190071313,Oblong
0.34877621501413736,0.3025840980969442,0.3460239146206974,1.6495055378620171,Oblong
0.5244019578845488,0.4907403647967854,0.5157419816311537,1.4681430759244007,Oblong
0.5401887316012904,0.4706458549089493,0.5331176414023903,1.4937998888597444,Oblong
0.44226726721492565,0.36400559593637694,0.43552748684021675,1.6719616222375948,Oblong
0.40501449667641964,0.32563312294618346,0.39774138641958606,1.6006804460832857,Oblong
0.40852536586673205,0.3625913454660806,0.3999224134955168,1.5067791768693195,Oblong
0.3966368769111737,0.39491788647845666,0.3932688437265187,1.4095055884570467,Oblong
0.5098320818888158,0.500558840659936,0.5024980284522319,1.4553230720570933,Oblong
0.3582007852406058,0.32633018830993926,0.3522667737594948,1.5071393340471129,Oblong
0.3796185220490003,0.2713293516177398,0.3735326195226827,1.799674769938572,Oblong
0.4697332597360204,0.3258231772103112,0.45526900213328686,1.7786362869365313,Oblong
0.40779262068576533,0.38968997300377667,0.4033778934638633,1.5168814821018188,Oblong
0.4321988281008109,0.38221645978668717,0.42464653889348336,1.5909860354778642,Oblong
0.4113786230533758,0.4005458986138778,0.40626959689900205,1.4200367314535514,Oblong
0.4007780126291853,0.36428953473286363,0.39098049896386183,1.451263921584321,Oblong
0.4092767206482337,0.37536160185512146,0.4049847255195159,1.5485012570789134,Oblong
0.5303671188834934,0.37189212873037075,0.5175405627906944,1.7134356689874979,Oblong
0.6492158238637241,0.6633770912977397,0.641918933626131,1.3910092983591544,Oblong
0.2865143348193012,0.2883894947362661,0.28089060014095374,1.375999597120306,Oblong
0.37396191357791286,0.34948488263437144,0.36725091905595275,1.4445384488978783,Oblong
0.5371071933532239,0.4857093508285194,0.5317378009050938,1.5016601407709742,Oblong
0.3806830739859339,0.3368041024707492,0.37425602838592,1.469336798406275,Oblong
0.46325475129749283,0.4175468609048768,0.4617689080147514,1.562037601379818,Oblong
0.3751017268105846,0.3923551958455723,0.3723420926346947,1.3201791058305499,Oblong
0.3807633224015297,0.3576264778700998,0.374281762806278,1.3978746585168151,Oblong
0.393787283789973,0.360182608255804,0.3857110092426134,1.5391481007149617,Oblong
0.33383484852032197,0.30267534567943855,0.3274588573052636,1.4591413480016615,Oblong
0.32636506514067737,0.4980213915536179,0.3208618040499284,1.0187974812135228,Oblong
0.37285571369880777,0.3562692087331664,0.37051263910216403,1.5016547756705663,Oblong
0.334626492741662,0.36496530273088973,0.3313227652745585,1.3284100328039585,Oblong
0.3175571805242994,0.3057977600643763,0.3125642011325612,1.4688238556876732,Oblong
0.40629645035675643,0.3619314813260349,0.40112345685439754,1.5502110481453069,Oblong
0.3558743127394927,0.3193434162601615,0.3475350715742724,1.4923927399100356,Oblong
0.5156490382236594,0.4574340416089023,0.5063996493914052,1.4778088732148318,Oblong
0.43102135301278816,0.35399292552741,0.42319106428638104,1.534631569751649,Oblong
0.555305902666796,0.5649999483220078,0.5481174610068128,1.4051521108959768,Oblong
0.5114429312370937,0.46438049939717874,0.4978703330366716,1.5260306466996176,Oblong
0.49372241097265934,0.4850261086699567,0.48621942880558766,1.4489295427226814,Oblong
0.4411432260581896,0.38986386282708496,0.42293143487573853,1.4181413528683813,Oblong
0.4163675917007412,0.40085431478351136,0.4087969019869397,1.466318540356189,Oblong
0.43308538099667265,0.3419480599377959,0.4215461646737802,1.5849104484267187,Oblong
0.33912999451123815,0.2917492522686936,0.3313345069096877,1.5099546370757766,Oblong
0.3366834839790698,0.2801458891292509,0.3316129030063936,1.6099711668190526,Oblong
0.46559290139888465,0.4122385830475435,0.45935714128971805,1.5103175300924896,Oblong
0.3666402150824999,0.3619479377868305,0.361349926463988,1.3878992769199756,Oblong
0.3990086641426844,0.492339844029369,0.38837518009882127,1.1940686872529822,Oblong
0.39805641373257333,0.3315223779110419,0.39194738275956437,1.551444134734471,Oblong
0.47959600961329113,0.4498768923188876,0.4720398558809672,1.4923364712387843,Oblong
0.4206456606859294,0.3506050263766185,0.4075074479388577,1.5260985611880118,Oblong
0.4204450238514418,0.4036131644526217,0.41200461051815984,1.477849400516348,Oblong
0.30578980460865907,0.38791341604761553,0.29876322213895334,1.1492905901774464,Oblong
0.3895166128127984,0.3316898470120825,0.3823144822981859,1.4782725281626565,Oblong
0.4535962449959357,0.4035254815091172,0.44387788548033436,1.5345111805333769,Oblong
0.4202298164899585,0.4074176473040567,0.4140655322144783,1.423419978343261,Oblong
0.490422752861771,0.4738672265397049,0.48289098649105583,1.4699365327075575,Oblong
0.5271137040154333,0.511740962747061,0.5256680011946003,1.487057856945176,Oblong
0.28305923690528123,0.24451323236595818,0.2802027500684394,1.563466094193171,Oblong
0.33800307892037573,0.27206144693261286,0.33101655899669025,1.5809171906474242,Oblong
0.6227446458785045,0.6461009974008723,0.6145492999070862,1.3743079209296045,Oblong
0.5024424865867064,0.4214272387497369,0.4979546604885052,1.5773330684354128,Oblong
0.4459538138409508,0.39764035526176866,0.44044995795479935,1.514886494244446,Oblong
0.47776772014935587,0.46851297248461227,0.47520351840876,1.3374031875248584,Oblong
0.3829520612393161,0.3490157771794451,0.3731319689253022,1.4603975566924132,Oblong
0.3193975148670879,0.29223856999552716,0.31289638269943987,1.4540675777966572,Oblong
0.4593141259819558,0.4103568013538612,0.4543827992515846,1.556414804223685,Oblong
0.30455748287477924,0.3015085084274064,0.30055166191366,1.4132202186008171,Oblong
0.33293382768827523,0.30883793901494583,0.3265074642864613,1.4090917637536282,Oblong
0.5362219587171264,0.47958646607055155,0.5267121314472372,1.4846044804530887,Oblong
0.4635231930032641,0.4297341267151468,0.4522775057952492,1.5060046874639452,Oblong
0.4168328539633501,0.3336350623128412,0.40711821325874853,1.6455161221086068,Oblong
0.46192320941208437,0.45172288747425043,0.4508899061837454,1.3925264585121917,Oblong
0.4093479287186833,0.415642939453778,0.40093512555572797,1.3545421180157822,Oblong
0.4836653419915405,0.4460774557026655,0.478116359588977,1.5552873525940971,Oblong
0.5921335449642002,0.5945933403199966,0.5838094902300792,1.4023166534837481,Oblong
0.476346460401446,0.39621686904954684,0.4707968210177881,1.6154812273689074,Oblong
0.38627343369009215,0.31596843697997035,0.3791791057168734,1.5547564024301828,Oblong
0.44015472950384826,0.4550986995399036,0.4316681008509431,1.3344582993733303,Oblong
0.334725367878284,0.30206207118914746,0.32857556285746575,1.5548556710420252,Oblong
0.2453850805169664,0.41103843852179783,0.24185187814899578,0.9463184727842601,Oblong
0.3694841005065473,0.3350782318366056,0.3624384295741173,1.5304819769194893,Oblong
0.3083596580978954,0.3111648082392335,0.30283704747110723,1.3966390462494225,Oblong
0.5058622970423101,0.4944304941221675,0.4981193326553093,1.4388085311461323,Oblong
0.48364300881496003,0.3913639211614394,0.4689272869864854,1.54639920872911,Oblong
0.37762493172106937,0.35538944042469633,0.370412208617385,1.4185242184141125,Oblong
0.374063336280381,0.3201258825435816,0.36639812527438115,1.5844786183728072,Oblong
0.4215546459076251,0.40049877195930905,0.411079492564139,1.4875885115420762,Oblong
0.39964208445586985,0.43834210272573615,0.39174355144075057,1.3228654687698922,Oblong
0.5835102661715054,0.4660547368764435,0.572466332754041,1.6328619147891255,Oblong
0.413326413152404,0.33187422534591265,0.4069002930395725,1.6610839070479966,Oval
0.35386916042604244,0.41390001510633967,0.34649610274935644,1.2607545138615597,Oval
0.5372372350103417,0.4380157873787986,0.5262836487549812,1.6123817908373317,Oval
0.5287815109031476,0.4128023872577333,0.5197714202532663,1.6045965707756695,Oval
0.4694039948061244,0.35638585874828566,0.46176762757106943,1.6744009772334705,Oval
0.4138855588995387,0.3854800644770308,0.4059545737153039,1.4659302442467175,Oval
0.43027160202761533,0.4344807668632596,0.42072860776443577,1.4597598838527277,Oval
0.40195483670249593,0.30781547193501685,0.393918423639499,1.6678598879628566,Oval
0.37620487166631883,0.32940048270893507,0.3696102906564979,1.5568164090064227,Oval
0.43589051068629686,0.513495799162765,0.4277656998750067,1.1902299725827186,Oval
0.5299938301029469,0.43265939750949617,0.5190452335963048,1.5959219373468294,Oval
0.28184200399460235,0.3354400890262748,0.27551885329664294,1.2424782719724001,Oval
0.4563579006471542,0.3608431606063237,0.4485404539173043,1.6277374128898006,Oval
0.510142912305304,0.5889379207871862,0.4992162177279474,1.2568199775422122,Oval
0.385684463987507,0.30100198720198257,0.37943305062892235,1.6719496961852194,Oval
0.45548645127878845,0.34371647257981996,0.45082061440968735,1.6564447702739271,Oval
0.38827994135658295,0.30377727632639145,0.3801169706663243,1.6044319635402549,Oval
0.35876305398960934,0.3237274731083315,0.3500691829789421,1.4370555220073853,Oval
0.46846400104503916,0.36481652652101915,0.459867862602068,1.6592687019779533,Oval
0.4360246635881066,0.4164682080641531,0.4290619685071949,1.477680702019042,Oval
0.4935190114925214,0.6558389207986496,0.48287838236600167,1.134226934664778,Oval
0.3893604802104622,0.3194267425653384,0.3808180876135941,1.5658229942608741,Oval
0.49433842589697474,0.5638378591316613,0.4873785959412166,1.292381087744137,Oval
0.39480929055403824,0.3513831310837367,0.38616920189689025,1.5421843087081453,Oval
0.4908220040102554,0.5846521677706799,0.48296242211524465,1.2352042516887505,Oval
0.3872584864867837,0.285014721264175,0.38082389621641055,1.6625264694918922,Oval
0.4708713613431531,0.5505576085118543,0.4642440376087648,1.2546698966578003,Oval
0.32360076601506976,0.30884020201020945,0.3170446349416746,1.468314587656466,Oval
0.4680035794803971,0.4002751448864756,0.46127049595447905,1.5862148614826619,Oval
0.4556802350808505,0.39683473149551257,0.4464922888616873,1.5244000185320208,Oval
0.4346300387003502,0.3899587553071979,0.4252144355268582,1.4520869464913588,Oval
0.32798577128608775,0.5913820732192543,0.32234138712624977,0.8789236799902885,Oval
0.4235506490550026,0.4234127077611535,0.416018133882883,1.5080866037548162,Oval
0.4139137320513598,0.3369564452691362,0.409272316909186,1.6437072854106012,Oval
0.5107854944324987,0.6101163233855021,0.5045132568726552,1.1785115976180807,Oval
0.2775031226648358,0.4468029667197516,0.27316653647916284,1.01210577790325,Oval
0.5060723421706219,0.6174886296293184,0.49652557059261554,1.230580150192167,Oval
0.45675664187710424,0.4200004549860732,0.450547382825987,1.5309237964594704,Oval
0.3465391660001775,0.404124132184051,0.3399885144228814,1.2723779040652368,Oval
0.43328701896432914,0.39593934058943947,0.4241437343738844,1.530774661703393,Oval
0.40336737048519034,0.4005154766668051,0.3969462935515156,1.4374962192086396,Oval
0.5036164068729622,0.4673000828948668,0.4991783489623675,1.5702824745741357,Oval
0.3849479472732173,0.46097943878582676,0.37806824974397596,1.1864273256913727,Oval
0.45198517992776865,0.41940769276458156,0.44419616093505127,1.5438046638230827,Oval
0.5556152472103024,0.6053418769962091,0.5479070770096642,1.3452352986945284,Oval
0.5260639411713499,0.5141883974214595,0.5189734621490616,1.4577608799558976,Oval
0.26281068435917687,0.31123759290872766,0.25693755733536927,1.2805396157783742,Oval
0.3308443849885926,0.27801747257312576,0.32282349171500285,1.600000467021834,Oval
0.4696647758730945,0.4805828366908407,0.46308497035331564,1.4656110035235956,Oval
0.3318714904179949,0.319343377577609,0.3248689762221279,1.5115782950732948,Oval
0.19442575246176383,0.23582869836086906,0.190941279194985,1.288717454730791,Oval
0.38963963780947475,0.36065372242169247,0.37938794482580374,1.489096409576204,Oval
0.4880278548579113,0.47068270759800573,0.4785485183779936,1.4359994828380556,Oval
0.5133831051224352,0.6159158176074845,0.5030282385171136,1.210489419366833,Oval
0.3778802863881453,0.31244906744466466,0.37256698809482475,1.6318240263182058,Oval
0.36712155876956554,0.3362468077056064,0.3594444107423677,1.539521194830957,Oval
0.5700609368377998,0.47808135664273116,0.5631757118876057,1.6048281953848478,Oval
0.44314925711747766,0.45926380651307525,0.43463819101207235,1.385207091801803,Oval
0.29763331458851394,0.2546312561684585,0.29068012904022134,1.5449973598036477,Oval
0.5357227954876913,0.5138671984122376,0.5289195221736933,1.4824267216895732,Oval
0.47748333780645197,0.38852988852807874,0.4690947409837598,1.679213983365694,Oval
0.37240645994449967,0.2864032170551567,0.36420400583507806,1.753326054627157,Oval
0.4622526791038995,0.356165697497056,0.4531737959550471,1.6969781648240068,Oval
0.451136082361428,0.4337789091112322,0.4426614676871992,1.498902728226431,Oval
0.5191572583017229,0.4726441302994264,0.5056209822676209,1.5039155233351666,Oval
0.36934352411504223,0.306215391003761,0.3613843973007645,1.6264283807355713,Oval
0.5313761760629117,0.4807557767759283,0.5163743261446047,1.4976090071803236,Oval
0.4509666661686154,0.42264912082201206,0.4407363958293552,1.4761623701921844,Oval
0.5031546623581066,0.4786095935507845,0.49538074808341187,1.4957644740234193,Oval
0.44139766072419007,0.402548281545916,0.4331240810684528,1.5093390128528583,Oval
0.4491571348713404,0.4104678504560503,0.43790202807462136,1.483901473849651,Oval
0.4146227085316329,0.391881152845522,0.40672866894343596,1.5046055563287897,Oval
0.4968445368940989,0.5402122549758313,0.4876783805520151,1.3707309112811712,Oval
0.30875835720175804,0.2935576775149675,0.3023757310571316,1.5178752336674437,Oval
0.5134381216937054,0.4745106849427709,0.5020905054892084,1.5304459515753395,Oval
0.5482294249291295,0.4903557020711131,0.5381684340583044,1.5867179924966728,Oval
0.4297858111637298,0.4179835936897537,0.41504384564948643,1.4458550197322768,Oval
0.48448249716650965,0.4924304611499981,0.4769508917410365,1.4622282309444885,Oval
0.48754954907111986,0.43574007208691257,0.47631595514019115,1.5266635900744632,Oval
0.47389349864830005,0.4189602034714546,0.46404440007513553,1.5593309824281043,Oval
0.5656236586298884,0.5338520228509789,0.5564401359166845,1.5542808547713007,Oval
0.49505988908859166,0.4784529007815308,0.48229429321752754,1.4429055712208203,Oval
0.49313959120191525,0.45432948930764355,0.4860498992620561,1.5772491438364864,Oval
0.45719686084430344,0.40576344420276156,0.45150273788619677,1.6112827663150022,Oval
0.3109095673067263,0.3028667899148814,0.3029513118773155,1.451296894325734,Oval
0.3340623103531615,0.28197394499280165,0.32956773477894913,1.6169301737221276,Oval
0.4286342365739525,0.38087816958983955,0.4203830953892231,1.5228454454906784,Oval
0.4059813794562024,0.6295969509338499,0.40019172698579714,1.0672838160990994,Oval
0.4132220258457123,0.3758282738554825,0.40507785873619867,1.56613917700305,Oval
0.4690411825710597,0.37777059943554375,0.4589171639466475,1.5855626926567405,Oval
0.3835281689663243,0.6436165839095194,0.3771262270593171,0.9670003540075452,Oval
0.40116263156870996,0.3642820799937899,0.39037307099329643,1.4381352562901601,Oval
0.3670292413752238,0.3912767394377274,0.36202852719026646,1.3172700710144887,Oval
0.2807766229362183,0.4980224151299814,0.27643762716257153,0.932499612756252,Oval
0.3470600167614241,0.3192423443044843,0.33964202065551735,1.5087317223672791,Oval
0.5091500683173121,0.4475522834297286,0.4993470743489805,1.5520399375057148,Oval
0.4869922995489418,0.4814056034519459,0.47768252276404805,1.4931259816696432,Oval
0.6428257714460458,0.8533690917135359,0.6308210587433908,1.1536610875754987,Oval
0.47278534775198605,0.386190933505271,0.463066438195131,1.543653005442482,Oval
0.38972154821614363,0.33059353912201256,0.38148510575333694,1.622527184865891,Oval
0.3747315756567527,0.37688195092510257,0.3692028585581141,1.447446045289017,Oval
0.36129735080972897,0.4060527194553174,0.35499765131769656,1.3083296241686801,Oval
0.3939777466098595,0.5470983021516336,0.3858304342983483,1.1010734604325345,Oval
0.32947964812416836,0.3074340541849398,0.3253993962700695,1.54832818286593,Oval
0.44308056744795127,0.43602264674248636,0.4318189998814597,1.4734097062531752,Oval
0.36747171144792806,0.3334008479949382,0.3582102247772943,1.5467487078848812,Oval
0.39181036536678515,0.3769570500614536,0.38222688732610494,1.449598267959693,Oval
0.4699777833593392,0.411905963865807,0.464061074526746,1.5428864007837282,Oval
0.42341872022376664,0.41621931725779965,0.41513412826285534,1.4789641636467368,Oval
0.4135389333349153,0.40097023863356784,0.404730096641085,1.3896766906357907,Oval
0.43809056795776635,0.44522958227460435,0.4336758037028584,1.4272275904399137,Oval
0.389336114679054,0.3712371764720117,0.3824690560157515,1.4851126902242198,Oval
0.46508111134684166,0.4402437076152326,0.4550564609927337,1.5489241433018335,Oval
0.36071568372215207,0.3362580329184214,0.35245858711776534,1.5126298192241252,Oval
0.5287999680378731,0.4823299957279255,0.5186199440092183,1.5476354834125148,Oval
0.443054480690831,0.45306044269516804,0.43272759187722415,1.4102798725157517,Oval
0.3929532332851985,0.39642759334226574,0.38419257542473256,1.4325683503186217,Oval
0.49059221257524954,0.47006822390306424,0.48349156619197475,1.5261642038809413,Oval
0.4498496244329109,0.4197396298514318,0.4395821860824315,1.48384230932285,Oval
0.43543654927623604,0.33841890230891164,0.4274788824377161,1.674905450201751,Oval
0.2805165641206188,0.36900466545409305,0.27266085418478586,1.140404996560179,Oval
0.5019701476393594,0.43231899534560686,0.49476485888120025,1.5876121251309734,Oval
0.34314731276016686,0.4146504818510218,0.3366484639687861,1.2764471126970653,Oval
0.3765170080813829,0.3610780756289198,0.3694519401811382,1.3935642304228233,Oval
0.4906613991489323,0.42871016776954707,0.48258201763072855,1.5977154191012333,Oval
0.4352866825801348,0.37409151090541376,0.42915043975512407,1.494817869157765,Oval
0.4406425062472848,0.4473858454117474,0.4288152238591503,1.3698011057858073,Oval
0.5769107459625031,0.6784136094931521,0.5650027596824465,1.3005060796666887,Oval
0.3642958043202841,0.5340361991664678,0.3566432354829585,1.0678409386632421,Oval
0.3425354766105818,0.3409113683916568,0.3359168141188519,1.4570755678312752,Oval
0.44126370819007493,0.5258373675350345,0.43108203114558885,1.2403268725662444,Oval
0.3884045013009161,0.3469481293389913,0.37993822861636317,1.5572835681916128,Oval
0.5354685827870848,0.6196337793355473,0.5236417496694928,1.2582157550614925,Oval
0.4590919527510967,0.4372184384259128,0.4446930965446579,1.4753038855774874,Oval
0.5104710086066089,0.7712669048760986,0.5025532178387067,1.029512958752784,Oval
0.48787660667219834,0.5899131841522047,0.48009858102140524,1.2517573429254165,Oval
0.43045652134100204,0.3709986991795836,0.42051560719898157,1.588897772510644,Oval
0.3531292845472605,0.5694967721347735,0.3456725837484891,0.9970224558596971,Oval
0.398741507957183,0.48246322866421326,0.391578259504953,1.2262362510431388,Oval
0.4439486637917365,0.44947934974961296,0.4370571535576466,1.420163501928027,Oval
0.6589263645225006,0.8545559967855967,0.6418781580374886,1.1012084676401743,Oval
0.4145169872995745,0.4013763739280497,0.40736713555886994,1.4697225391626312,Oval
0.43297619745605304,0.3820315302979896,0.42463705671776686,1.575978708219168,Oval
0.5524388105791965,0.5009041108488095,0.5437546098925792,1.5319694565758393,Oval
0.5107199993973984,0.4571845298143541,0.5043379486253863,1.5966274686795923,Oval
0.5341443285245573,0.488814144674717,0.528044237560915,1.5811938834054209,Oval
0.5094806889400251,0.39213468272819485,0.49947693307579427,1.6418511375511868,Oval
0.43003131059516575,0.3644454510257297,0.4205018726200786,1.544851687873471,Oval
0.37464429885578077,0.32485098508711424,0.36908796892884055,1.5540967268994443,Oval
0.5136327884362188,0.3968283394513797,0.504442872772332,1.6974921896447364,Oval
0.43648780265043746,0.3575616787926787,0.42860205411022284,1.6370156283355242,Oval
0.4794620006014323,0.3502352861038571,0.469033666522,1.7161669119566352,Oval
0.6152665202943491,0.6106182687578898,0.608238951378313,1.4975665284833404,Oval
0.44720486712222113,0.34991547818858476,0.43746929230862597,1.6236576197535488,Oval
0.3593551768226922,0.2949971693600084,0.35349036537113465,1.5989774666164425,Oval
0.3393527759285557,0.2691535465757822,0.3304183873009111,1.6448480640417322,Oval
0.2998219281856552,0.2977462936606363,0.29283964571008414,1.436347357363972,Oval
0.4357428845648308,0.38548199169971925,0.4276293220959024,1.4894356691986896,Oval
0.4457756492791157,0.4196593186792078,0.4382425678579292,1.4547370377125257,Oval
0.40933398443293423,0.33235365271350625,0.40135722911467964,1.5866528476741393,Oval
0.41874018810192337,0.37238235643798884,0.4114163579604997,1.5664914143845559,Oval
0.5667497639179985,0.4409702420315045,0.5558972999792717,1.6586934658286954,Oval
0.48902602839395437,0.4768911720342318,0.48383231511543495,1.4580685792518446,Oval
0.41023168395963233,0.3300560484797969,0.39809405127479436,1.6340227028272094,Oval
0.3885158240312717,0.45649015401807264,0.38113708786152195,1.288301820612958,Oval
0.4692521229407591,0.4076012492363198,0.46213328703200085,1.5972027381445875,Oval
0.6809882577712547,0.5473057983347506,0.6644369070526069,1.690217588967027,Oval
0.4083638129962167,0.37232774729150464,0.3988956183753412,1.4717630927575391,Oval
0.3707711015264135,0.34376732076330324,0.3620265031310307,1.5085762915802545,Oval
0.3756754003900696,0.3533568342578375,0.36910913297832876,1.5031600378745826,Oval
0.43177679775288086,0.40261872087201483,0.422099002315563,1.5471619114671833,Oval
0.5362152108555919,0.4875139255271499,0.5275208435229225,1.54637766983079,Oval
0.40149708397415423,0.32170979661292415,0.39651384782026555,1.6143422312641686,Oval
0.391288650486866,0.31538763934894737,0.38733637084664235,1.6207605768943134,Oval
0.47432795022514274,0.4154015200381165,0.460434811808317,1.472807945216109,Oval
0.5215793095814715,0.552280134783727,0.5137273038305354,1.355962054283695,Oval
0.4510755645180154,0.35849916470663445,0.43935715083599236,1.613615135502455,Oval
0.4724657675999522,0.5499527426606116,0.4613549682923193,1.2144593227270875,Oval
0.3582128548040633,0.3254582432996116,0.3519814920104757,1.48127882615586,Oval
0.32920038408028435,0.37731916245132635,0.3230000547168262,1.3024141609304285,Oval
0.40174823396933323,0.3657714311263962,0.3917680833040257,1.5086943461694915,Oval
0.5303113591655316,0.5210874740740159,0.5218547600240606,1.489745550078999,Oval
0.43343699442872236,0.52218346817491,0.4259442623599318,1.23445649601625,Oval
0.3605208481793226,0.42968786268813197,0.35278910367099753,1.22279578344646,Oval
0.40209596161610717,0.48274956189139845,0.3942080781190959,1.2294015137840306,Oval
0.3981888742802557,0.469000884721573,0.3933434510168047,1.2924121401462252,Oval
0.46313784289947785,0.4692488309056488,0.4531330171667166,1.4065911848636468,Oval
0.4154093545678303,0.39252290532377754,0.40641777305782273,1.4959761885560885,Oval
0.5396890434604368,0.533453587101776,0.5279635720836546,1.4697604844629908,Oval
0.3411917321278508,0.4047280276405479,0.3341273019097273,1.2662222794495896,Oval
0.5097706706178791,0.5021909252702085,0.4973651573368161,1.478069276477074,Oval
0.3949422757930244,0.3887332052872027,0.3872042133430219,1.469276464307416,Oval
0.6155869019235806,0.5493191669476607,0.6053809085191341,1.5733258918226305,Oval
0.3805281030112013,0.44200297387562765,0.3711301340605705,1.3226948739132751,Oval
0.5409051437388637,0.4376364177794352,0.5273097094661441,1.5655847363021576,Oval
0.3284439427866963,0.3279039204831725,0.3211662515137846,1.3825275115798903,Oval
0.5308121285304296,0.6353926979921481,0.5239342631628021,1.2191453230354332,Oval
0.4098071158412625,0.5098875719906873,0.4061574256257363,1.2115217278364256,Oval
0.5428766940781844,0.4836932322872866,0.5345572188073808,1.5932320424992665,Oval
0.4654453911536372,0.4105257552796235,0.4548904382784355,1.5226485707794282,Oval
0.4522173575705817,0.3969547401735218,0.44460104293795133,1.559082828620812,Round
0.5336641834494082,0.5131197173615717,0.5269471880491352,1.5679726994106038,Round
0.5548631638145963,0.5105349785083709,0.5469179190395761,1.546490795750636,Round
0.5881026950547877,0.6640739661526127,0.58006851305691,1.3123850016246366,Round
0.5383188592585736,0.41517328552172833,0.5327582274030165,1.557077951666741,Round
0.4108135600486514,0.3477961371862779,0.40436599268066326,1.6659146292973783,Round
0.472763861712131,0.402485657091177,0.46404576822094024,1.623629174388794,Round
0.5120686506518273,0.3677834318322224,0.4999028627324033,1.753851383357364,Round
0.5095824089701618,0.43796237664508203,0.501592303638047,1.5851706460660258,Round
0.5562062246070392,0.4703358451032671,0.5471618374895163,1.6354873808351624,Round
0.48582582378212297,0.4711199607794577,0.48013531453765074,1.4927110249051696,Round
0.4585179594797787,0.43180060380821544,0.45763818533320355,1.5332524536391867,Round
0.38529775619295914,0.3598394001225656,0.37968062929232094,1.4961398485247441,Round
0.401687837789973,0.3509066927681747,0.3976732195833187,1.5724362196082362,Round
0.4241222233229917,0.5004746088269084,0.41675736309474726,1.275937014946272,Round
0.4791294419088266,0.43607971070916696,0.4704068484084663,1.5239091894316676,Round
0.4353734727297995,0.42861577999486544,0.42443211706472034,1.4972979738926242,Round
0.43485642638521665,0.6627537000989348,0.42423464618227885,0.9873523321837385,Round
0.49173427496988503,0.4418055488910066,0.48373977625827397,1.6236421730398187,Round
0.5170004569425636,0.5269878577875473,0.5106506520155901,1.4137585843035168,Round
0.49411821820787516,0.39777032690609665,0.48265113007061783,1.615263014253353,Round
0.5095233878720029,0.4176692067491316,0.4988207320910127,1.547967208104353,Round
0.398490654633207,0.36683152359947935,0.39401466112760325,1.4946963190193463,Round
0.5356933051523904,0.43779741913670955,0.5255702771280342,1.6524227669044442,Round
0.5441755031380685,0.5087586054008444,0.5322787991786203,1.5610404387699226,Round
0.4586553673627341,0.41124767362046205,0.45254856939424326,1.6098155421116505,Round
0.5011919017912381,0.5012695658538515,0.4963532077499821,1.450936670671139,Round
0.4814416001969444,0.406991236043915,0.4779874245130171,1.574591403872642,Round
0.5157064440388375,0.4830934710222539,0.5093164588148332,1.49642929757486,Round
0.4745891253425247,0.40609358409555674,0.4698666896101901,1.5847323190307896,Round
0.5008109248445362,0.3883797409473574,0.49366804713379175,1.7019049421823131,Round
0.49255245759514643,0.449148690051034,0.48394073712666547,1.5425268088643658,Round
0.486840023192661,0.4496660450086707,0.4807569567043175,1.5510328973484027,Round
0.49378676297437774,0.44273673133381936,0.48342753088829993,1.4922985775888042,Round
0.5175059083837276,0.49984253949104707,0.513394848587859,1.498258570506448,Round
0.42746880459730147,0.4998313541135877,0.42342207608790894,1.2423729262440715,Round
0.5697672673565893,0.7568577581968395,0.5637216048702275,1.1859924271306685,Round
0.3972945649280469,0.3811296905837261,0.3888993909818437,1.4577570850861825,Round
0.5215747265365294,0.5607830425999243,0.5137442049842085,1.3061894187026242,Round
0.5437947626337301,0.4301081721711108,0.5336331822436486,1.6443333758268728,Round
0.5037168185516535,0.39234417819119394,0.4950757269022172,1.68630187318807,Round
0.4098748673606975,0.3872602457570059,0.405996349496391,1.4496167714163288,Round
0.47513637644034584,0.5200370722401408,0.4709990551874146,1.3139277622927084,Round
0.5385850627495966,0.5941834886832925,0.5285079055193974,1.2758088376865013,Round
0.5520029211892151,0.6189505408349141,0.5460871717284249,1.3141990991124022,Round
0.5832211872863239,0.6474243244803295,0.5753376471331315,1.3490443941294787,Round
0.48018979522016075,0.3590092952659668,0.47765022859772904,1.7023208345039627,Round
0.4946889647115784,0.4356841910505266,0.486357710294098,1.5416016551719762,Round
0.5879124547443093,0.5277917740468788,0.5779776947521947,1.517236057095904,Round
0.4680946499051615,0.39500115121666846,0.45845854310795875,1.6385476735386248,Round
0.3888184164434713,0.30194864881054273,0.38161813159175345,1.754486679991415,Round
0.4637992269584347,0.3722402404470977,0.4574951490386581,1.6590978031396966,Round
0.5253349481179231,0.4382779265263691,0.514774009783218,1.619404708345382,Round
0.5097818567427219,0.44165795326755125,0.5028761009289379,1.5141749498604893,Round
0.49107949685836694,0.3609811071996676,0.4835189085582144,1.684957446474649,Round
0.5189427443918059,0.502548829120199,0.510998007370727,1.3960587516283982,Round
0.5582327739758274,0.42762021048058957,0.5480141348385024,1.7685896483589192,Round
0.48501393854173397,0.4317120036789281,0.47653459985156776,1.5081336223301856,Round
0.4152860052366074,0.36697321798890126,0.4062648785131433,1.5094123552488883,Round
0.3693102494250897,0.310244314253195,0.36534560947124606,1.660036346131277,Round
0.5063471476442049,0.496294547539521,0.5012527837603135,1.4700992691573265,Round
0.4311503334138197,0.41007605093500454,0.4271090591603097,1.4940055074456668,Round
0.5393499066119946,0.46342716973780823,0.5301329060165776,1.6445419702053043,Round
0.5051057422226723,0.4462781804025233,0.49812878676573025,1.5478421673910905,Round
0.4799543036842611,0.4827153926391319,0.47235486498396284,1.393150510927344,Round
0.5737785895206319,0.6618913114810208,0.5665031237082853,1.2570397788206427,Round
0.5110936397324543,0.4867524546662562,0.5051481320868745,1.5449001875721808,Round
0.4908788687461236,0.4333890471007184,0.47982043998777724,1.511643833524083,Round
0.5501685049349081,0.45798415959746824,0.543853215294989,1.5733910672461355,Round
0.48883170390916103,0.4148564397104829,0.48163890894299094,1.6411828963577966,Round
0.4797701201342786,0.46983785272659395,0.4740850359017431,1.4609334760659942,Round
0.4625174445219791,0.42453542136612793,0.4540660966184036,1.5409523294095941,Round
0.5077599244534089,0.5935678878642332,0.49850442557783037,1.313833725510162,Round
0.5417388664398713,0.4666570421460011,0.536616819437715,1.6403804479612094,Round
0.4318094514096118,0.4064579267468676,0.42313156389014445,1.4515128236631247,Round
0.5009318607095637,0.5508565560586297,0.4872988769150387,1.3826889465693455,Round
0.5056105510713121,0.448102574984749,0.49535488901424507,1.548294298504228,Round
0.3485699982301261,0.2944462141010993,0.3457833558341961,1.6812495017940998,Round
0.43954832966303253,0.43426795920740124,0.4340094529435661,1.4846953635216233,Round
0.4950207084270686,0.45114381038022183,0.48706485232595037,1.5284423006165895,Round
0.5427447935114174,0.4948977395243285,0.5310880285491179,1.5482835412147482,Round
0.5039249992671881,0.43042955507332353,0.49916718585399267,1.623518484258787,Round
0.48721397947053485,0.423757347775809,0.476690818341947,1.5970339932361328,Round
0.45797544013127656,0.3857539308803199,0.4486124987794488,1.5972822197380379,Round
0.40681667769290414,0.39208897117844993,0.3996814909436316,1.4974057303346184,Round
0.5042424132565198,0.47812560589843006,0.49333737715186465,1.4567054292348824,Round
0.4733408546576188,0.42735135726206586,0.46674656020531674,1.5105582308718597,Round
0.533288332539384,0.5240992389793548,0.5306784271097956,1.5296914023511803,Round
0.475239255312746,0.42673434112418696,0.4669763917257313,1.5370988593034405,Round
0.47155656545151436,0.40227588474306764,0.46229733606702006,1.6041497160780278,Round
0.28945039044506926,0.41031355866122426,0.2863049015885533,1.1167438950699584,Round
0.4857997638190105,0.38139845566169495,0.4793838779500074,1.6811525895956312,Round
0.3947309644425176,0.35245163145879066,0.38916468962394696,1.5249237334208674,Round
0.6122239859802027,0.6507942103644999,0.601882329221045,1.3950408767819003,Round
0.4862930237633563,0.4759202380583922,0.47699124833988427,1.396817494634081,Round
0.5267519869764884,0.5248758673377408,0.5200630339786795,1.4805011460638604,Round
0.3481474808119316,0.336579450483353,0.3423404236301568,1.4730344770543933,Round
0.4848369798516838,0.6757634728842221,0.4746082853483211,1.0823950564192435,Round
0.5529952781155323,0.5279200821456674,0.5434172338057045,1.5354366780616258,Round
0.4592385216106278,0.4011180585896522,0.45095311180824815,1.6625559890881363,Round
0.41566362346205665,0.40506189720850255,0.4120808657128395,1.5210977715071468,Round
0.4516866268029067,0.42280533999928077,0.4459236361372783,1.5491692314009367,Round
0.5428474929164783,0.4919402276152651,0.5389705221629466,1.577336198921802,Round
0.43299325070525224,0.3877770154259489,0.42550805517102747,1.5941146178492696,Round
0.5807130637724806,0.44407796072187766,0.5717670778302224,1.7238543331741072,Round
0.2975346586143061,0.2776288760714268,0.2954720922647783,1.4762910056174179,Round
0.47039940748195114,0.4416881985995355,0.46279855380911156,1.4947936255568774,Round
0.4823732939405065,0.46166977093303374,0.47373771361618666,1.4748423938809174,Round
0.5089347044711646,0.4416620892971326,0.5022195725235534,1.5860327319098346,Round
0.3780137461939584,0.3682400127640822,0.3726095562652747,1.4312514484804324,Round
0.4950857728570859,0.3622619143461316,0.4864956525984912,1.7209004113028912,Round
0.28977873272227894,0.43760908913144325,0.28687213084339674,1.0832850015851845,Round
0.49567818517611945,0.41372080814010503,0.48811637559597065,1.6094345405411454,Round
0.3644706143437211,0.2804728974094818,0.3599718660778295,1.5840683852792563,Round
0.4406989431869247,0.38836314357339136,0.42891311976143703,1.533659949306207,Round
0.5341234172648919,0.5537240809881565,0.5252077047059874,1.4837341074251662,Round
0.4982703820002774,0.43070242625758026,0.4852889172146173,1.5284523282292233,Round
0.3410594278180148,0.3581859691302074,0.3347942614860358,1.4266398159920533,Round
0.38066391652461185,0.31360651421806385,0.3738140340857077,1.672530014369788,Round
0.4212032555794282,0.30373464753569335,0.4153028926644216,1.7552405210599509,Round
0.5262980795934228,0.4739845988122909,0.5167745583701316,1.5496442071509386,Round
0.6131813392182534,0.4983710151545169,0.598740208359535,1.5487623956898755,Round
0.5034283507551728,0.4712543455195204,0.49626211933101,1.522728461241587,Round
0.3998578412213798,0.37236914305765234,0.38950407453203834,1.4647149110413613,Round
0.5357576966748107,0.39590100525139693,0.5269043807120394,1.739454413389473,Round
0.4388137949613174,0.38248548534214505,0.4313381070598812,1.5055066724237052,Round
0.42149517605573483,0.3469509546096195,0.4073403731891796,1.596386866848717,Round
0.5281930977289596,0.49334283458827366,0.5204932920324389,1.477447516790802,Round
0.48676947739408266,0.41167940001400455,0.4747555435552149,1.526453489541565,Round
0.349748687238623,0.3980564728868835,0.3422293033262487,1.2861946416141647,Round
0.5336480798567008,0.43032689850579076,0.5220276705096173,1.7005744246782057,Round
0.5607156484567724,0.6408914194471999,0.5521387351681841,1.3456352449063718,Round
0.46511227382318576,0.43571247656677314,0.45573804229020304,1.5094806781650005,Round
0.4056884950468287,0.34400425755253866,0.3996683066273271,1.5919571999153248,Round
0.6116514694632409,0.515635641638498,0.6001537632434985,1.6093242048099372,Round
0.45448615749983184,0.4147246412831419,0.44876231154209906,1.5450549948121988,Round
0.5496325126843494,0.3802639124088337,0.539713500046773,1.790853352549333,Round
0.5014774783795771,0.450932324993742,0.48941181889862834,1.543186219859076,Round
0.490553578091934,0.4635621101023665,0.4856318702315666,1.491340156395171,Round
0.4760083880165807,0.42292675820910675,0.46971893638001294,1.5517865926734493,Round
0.488776331198229,0.5899134521972347,0.4797050321456662,1.2523586526909054,Round
0.5616143904251434,0.7699264437420166,0.5548547689011843,1.1205693918813384,Round
0.5165862700167084,0.4679334358634265,0.5093413862097266,1.569779078367142,Round
0.37714025432720855,0.31998437476955893,0.3719686335213418,1.6459057679162168,Round
0.4240083785503264,0.38772895142865904,0.4105908307683643,1.4691578320151375,Round
0.5596420584249833,0.4981736535357522,0.5485264579928574,1.6239255664769725,Round
0.5703877189214159,0.4503696955001478,0.5592368602078377,1.6817578097541144,Round
0.43818001359938374,0.4328552350789756,0.43268820563872146,1.507282899323219,Round
0.4967338901728851,0.46232181218666596,0.4891901243153837,1.5172874448136848,Round
0.43257456636827085,0.40998155641448636,0.4272684649456501,1.4813964509595252,Round
0.5005794123909152,0.48891434730383,0.4921180738544079,1.4596034246347123,Round
0.48708926703898836,0.39524402323825786,0.4799972966032243,1.6568868938385102,Round
0.7360437157107234,0.5302241977914811,0.7230581517515619,1.7212259647559645,Round
0.5206581450280214,0.5348864752771844,0.5129083008904406,1.4447019960503902,Round
0.5243170607554928,0.47943649201577854,0.516121626895404,1.5498777805303572,Round
0.4587404592563638,0.3831889636978659,0.4529555205954509,1.651243709567062,Round
0.5133572611585757,0.4313964636131885,0.507458234834727,1.6511103581379543,Round
0.41853207770223727,0.4937016386536722,0.41420241368142047,1.3205414319585327,Round
0.49487691904305153,0.4812261637276983,0.487918309338983,1.4775786122284023,Round
0.5385105238242568,0.6376541723349117,0.5276089260232356,1.2736648522879896,Round
0.5339418932600676,0.5191604502551439,0.5255791331814322,1.5552765317404116,Round
0.5088610309346624,0.464005799670858,0.5052557115441183,1.5393728924347425,Round
0.5306657795456555,0.48580190747920543,0.5239125038748261,1.6096969109161934,Round
0.5250488054720425,0.5185842596298759,0.5176660225947584,1.4759425543403262,Round
0.525145197362249,0.5174143499919114,0.5201615702776207,1.4796132311448726,Round
0.6479332035594502,0.5341355153658979,0.6405747653403008,1.7064560486734688,Round
0.5836843366430777,0.5592946345331559,0.5692792503799978,1.4537026964680388,Round
0.6791440602663783,0.6191432357510253,0.6666806943118151,1.5328562231092775,Round
0.5293150879139475,0.42191912631351847,0.520568937061517,1.665454003871261,Round
0.5125671774437589,0.4183021959007954,0.5030755589886042,1.614242298655928,Round
0.509222666416123,0.4530956160242937,0.4973077190588561,1.5825781235364975,Round
0.5699949230400791,0.4768753430539152,0.566139057380466,1.7179905045099286,Round
0.6028449131756409,0.49527992509510343,0.5939257309029354,1.6384157423875985,Round
0.542617232603704,0.46648661412410686,0.5311501376470694,1.6384398315918098,Round
0.49776639325037897,0.4692651575536454,0.4914001354061636,1.4931862982319546,Round
0.538906837778349,0.48177638804915035,0.530211280840154,1.5480963914248116,Round
0.4948175669020311,0.4435175518434631,0.48953262930161295,1.6371329708542022,Round
0.49885165987083946,0.41737610763764305,0.48845300699184013,1.6161719258318925,Round
0.5074139386024544,0.38090256868451144,0.4987262534122461,1.7270891508270376,Round
0.4359857415829427,0.3639560181567866,0.4292067711160184,1.5770918124892306,Round
0.5754888555024537,0.4210572092636635,0.5653696157440266,1.7368475662409835,Round
0.5130821216291697,0.37979631379331874,0.5022868506685708,1.6883288342538696,Round
0.45395864314540746,0.39391201418694455,0.45366117928850386,1.5706864084467635,Round
0.568626192436275,0.46313842639483005,0.5592249244196437,1.704862806214666,Round
0.4685780814197048,0.38987848020926846,0.46070627811892206,1.6388163869087766,Round
0.46409863189236844,0.4440783021225584,0.4549057005474168,1.5193324809660729,Round
0.32867730245946686,0.2593098213281658,0.32266031090308017,1.6265557001808826,Round
0.49578149829926577,0.47240739998604675,0.49082920795844825,1.5194234174121415,Round
0.38125237174397925,0.34695009149683553,0.3781216982540824,1.5103322244691355,Round
0.5414829475959044,0.5675957242223716,0.5348383246105204,1.439060875900646,Round
0.41037623138790064,0.4280502951358729,0.40478114881191785,1.4264015318983325,Round
0.3734808365125164,0.2903497222132835,0.3673473232804761,1.6840350156360915,Round
0.5453758970670481,0.46928877479841424,0.5361123773492518,1.6236703745231271,Round
0.44957277434800835,0.41987418065767224,0.44362150807957684,1.4533890290453384,Round
0.4555486063041322,0.5165951204203044,0.4490284503395079,1.275723025340395,Round
0.4735015298970398,0.551530561692178,0.46658277060295533,1.2768483044845413,Round
0.4683027894873667,0.4246255567508954,0.4570473568299699,1.5050951817236962,Round
0.42096308613948485,0.37958131379671395,0.4134198154588875,1.6059283786799634,Round
0.5309189972839383,0.4506306010479572,0.5219652160378017,1.5472415790030982,Round
0.5000587792703949,0.4598802185785612,0.495626061363925,1.505163446202716,Round
0.5248225779483384,0.42184949801736144,0.5193927186585394,1.7123408487189713,Square
0.5328490762331088,0.44533536490545195,0.5270617178734214,1.7059766245459251,Square
0.5998356025738789,0.7062740305425765,0.5877078793113273,1.2677383964891664,Square
0.4600869333220502,0.37931083372232,0.4574994599944221,1.6791005697170251,Square
0.5111461804379653,0.47432710765576874,0.5049461167730764,1.5119101927509344,Square
0.5582045945475403,0.4520853115427497,0.5451534211378013,1.5931858231138636,Square
0.5650584293573411,0.46285967888289975,0.5530164930829594,1.6937454928250772,Square
0.543437553243164,0.4516489700092694,0.5388806439592382,1.624884086252758,Square
0.5319403022535082,0.46136729805550747,0.5235800073553387,1.5904427774308678,Square
0.5286506364334237,0.4348149896064888,0.524498578396171,1.6621588118084838,Square
0.548246647301292,0.49980973916422866,0.5399132163723895,1.5400445969952152,Square
0.29738107756938986,0.43049486470707965,0.29308090941160586,1.048664546231549,Square
0.46500150902002463,0.36622109855681795,0.46173398200080196,1.7350821576655102,Square
0.5367649845071717,0.4595641704105722,0.5274684634952332,1.588880081178002,Square
0.6206346489792612,0.5506929362763343,0.6117304517865192,1.5237259798617628,Square
0.5598198801039503,0.5106744241875545,0.5497780960625724,1.5083684566922995,Square
0.5039129690816676,0.4168369732697075,0.49685267050407206,1.6356980558711742,Square
0.48531170987844746,0.42510681905207603,0.48003922266156,1.6231889526387056,Square
0.46355926513838064,0.39053690360918153,0.45631708973592744,1.627078852589458,Square
0.5201394046970166,0.4234653031985791,0.5085324388886359,1.672064013133481,Square
0.5369539960340823,0.47406511081849184,0.5256199618216995,1.5444369424833306,Square
0.5020954143746146,0.5347717348627505,0.5016841803572349,1.409760630691912,Square
0.4935562010292852,0.48189535197563593,0.48765497908605077,1.48713871577753,Square
0.4249669277571857,0.3701118921752307,0.419144034318688,1.6029498068003951,Square
0.5344291628010982,0.47565129266773176,0.5262847159736348,1.5801988542891732,Square
0.5219551455715604,0.47885690889821236,0.5136512132475716,1.549656111828758,Square
0.5085860167750227,0.4536260147214956,0.49790078532784654,1.523025051201808,Square
0.5215767382650981,0.4594937802278087,0.515944361018628,1.601244422056574,Square
0.4009985904953279,0.3909832567524073,0.39649340216534773,1.4593612659652107,Square
0.679732803731782,0.5726073745425165,0.6637385880999792,1.6081084124498768,Square
0.4854168549267611,0.5400291792035624,0.4727706418719565,1.3501198236330718,Square
0.39679833272910703,0.3026043751313428,0.3897188272645002,1.7471544407492234,Square
0.44138595983064155,0.3341873203013628,0.4337535352223211,1.742198337518419,Square
0.4107724832766903,0.4774421683245698,0.4031978289782494,1.202629559147001,Square
0.4832833767777979,0.4117615686428213,0.47894747472784,1.608003740962843,Square
0.41703627160802437,0.4364835161871969,0.4106254258549991,1.4009339191477794,Square
0.5873223563099489,0.5286120183840063,0.5784356108377904,1.5406307152734793,Square
0.3726607249537001,0.4628801709219473,0.36428592190714926,1.2658992328265208,Square
0.34849256747713375,0.3690829592884711,0.3428813296081511,1.3917630542086605,Square
0.6179401730493361,0.46678143398356425,0.6016002723041595,1.685047647473972,Square
0.5881848858139072,0.6696085410108055,0.5800357354976093,1.3425182347829885,Square
0.5375836404008366,0.45124566822492646,0.5290496572819133,1.5894665859277222,Square
0.371308746408049,0.339703900338662,0.36319665604205487,1.5137936526670512,Square
0.5203177758979733,0.4517024173688011,0.5146195864053044,1.5954391469128877,Square
0.6583864497802461,0.5113730415739931,0.6433529496979713,1.6923971706926741,Square
0.5562755502828456,0.496816745269201,0.5506926284958179,1.5837422573874456,Square
0.5566151397863749,0.4927216736848468,0.5533068439471952,1.5639377219210855,Square
0.522806580291711,0.4972193419011711,0.5164898872150258,1.4921842282196187,Square
0.482839295672952,0.48995442389615923,0.4759229369149834,1.4033401336561622,Square
0.5199973481764879,0.5044236577478834,0.5174219469569483,1.4543969623585333,Square
0.5415933393034716,0.48305019370103847,0.5356095407796151,1.5251348997927028,Square
0.6270919534226009,0.8695338890897524,0.6186376238583032,1.099607171722087,Square
0.40378998978636205,0.322762587489001,0.39598382217867323,1.632036262768014,Square
0.5306719173859652,0.6062556416141405,0.5212630939557771,1.2935675073882673,Square
0.5346287267092386,0.4450826321784385,0.5283586294392559,1.6644141165286093,Square
0.4151184363918688,0.3426060074840313,0.4088007391099041,1.6413119108928242,Square
0.5957912012314228,0.661164749382497,0.5850042408751889,1.296912322988645,Square
0.5965942395650066,0.6638264490915141,0.5898710845511581,1.3616910898193766,Square
0.4614073817827822,0.39849659134819354,0.45492724396690315,1.583181288645291,Square
0.5759343582251171,0.6458121338023893,0.5671843040186819,1.3553408174464223,Square
0.4532936524230761,0.34565106358146713,0.4521520613541926,1.8295562347004304,Square
0.36559568899039974,0.298045225655139,0.36041714312532735,1.7031256086265762,Square
0.4985914643161725,0.4081888073192781,0.49228871834015925,1.6922936164040179,Square
0.5235334479651308,0.4232126674543447,0.514488687674068,1.7296943921951984,Square
0.4988169874595163,0.4122848345959419,0.4955835625537484,1.6843528247085282,Square
0.5186621594312197,0.42501017771374394,0.512145275746122,1.6504618494714702,Square
0.5508678208280001,0.4752394452139955,0.5464487409348768,1.6586478313252744,Square
0.5575598649695566,0.4679700259389157,0.5479920171044445,1.6449414869594245,Square
0.5059784757798612,0.49563291848531804,0.5026938346882805,1.4592712819197478,Square
0.5135572971788069,0.4349598585033693,0.5033734231396925,1.618478519649389,Square
0.5115171574453438,0.4247273843183861,0.5013657071068157,1.6346846205674328,Square
0.5426533753438683,0.4466820065900454,0.5315993457599464,1.6729965814149093,Square
0.5097479642196527,0.595071279299707,0.5023584111041175,1.3165132944401026,Square
0.5375847102945998,0.4090407541644905,0.532766170825769,1.7617875858394567,Square
0.5033301853592297,0.46620650596505675,0.49628219652466654,1.4983158866541122,Square
0.31093774480014247,0.4924645538340297,0.30905796532080654,1.0008984643849694,Square
0.4744354580842748,0.553024374055559,0.4680912169494687,1.2786437823967707,Square
0.3856662713840658,0.44098240034224206,0.380988163422981,1.376192769402183,Square
0.6142228956367416,0.6754623376918946,0.6136504500957336,1.3582996499183921,Square
0.5225503515883971,0.4823225790038433,0.5194530039505706,1.5249332649665905,Square
0.5147113113370044,0.4794782060681394,0.5090677343631989,1.5370210469085204,Square
0.4215309803130907,0.3353038206105274,0.41226434468572865,1.6510803616029357,Square
0.594363781212883,0.601640718706314,0.5849583628329741,1.468331328800426,Square
0.5169747445225046,0.446023567322706,0.5120888904224092,1.5615810178938672,Square
0.5521090382795295,0.4455033139370154,0.5467422910861927,1.708625703233353,Square
0.5074878475949184,0.4154391896684745,0.4928786990910735,1.5458339336838842,Square
0.3648300410210733,0.4187204465837432,0.36193217946252854,1.321444004552144,Square
0.5515766003559596,0.6181303752756382,0.5417669843275349,1.3318598816051412,Square
0.5228731019545733,0.4577812798251884,0.5223476437394681,1.6112566438070732,Square
0.5343298661713027,0.45577792201739503,0.527132766561209,1.630550817700843,Square
0.5143657268064711,0.45532478952644145,0.5082763442655925,1.5635933881932091,Square
0.5207473278745561,0.5579110075782662,0.5129277125205075,1.389019573308605,Square
0.5281934252661601,0.5362522685367429,0.517208453791445,1.3794326334548281,Square
0.4883687837839889,0.5432242455111675,0.4786267213931736,1.3679546312739668,Square
0.5321168235860342,0.4790179212382168,0.5218833494874515,1.5564676225616039,Square
0.4241909246975232,0.3944273947145363,0.41428770317668323,1.5563941654560867,Square
0.4264658617579744,0.8129193653553464,0.42111241993060755,0.8477368719798127,Square
0.5001212075285039,0.46592054076345113,0.4939646946825064,1.5171634929393099,Square
0.5638122007278209,0.6487048369917501,0.5550946906311301,1.2891614465417072,Square
0.3725303237522269,0.4116468010859315,0.3665193140438956,1.329220159296837,Square
0.514482554129495,0.45623419885796945,0.5081020949339571,1.5271418632286484,Square
0.4888957811203213,0.5668631807428871,0.48309297608497725,1.2845114212843174,Square
0.5895014912738586,0.5451818240090804,0.5852786930700542,1.5531696964504431,Square
0.4771692809077911,0.5481318065986175,0.4706796177300717,1.341582113046507,Square
0.5023184540244084,0.4574832313451654,0.49393665318227387,1.5064392379125542,Square
0.49881884904838836,0.4507161507571184,0.49502530610173856,1.611489184418163,Square
0.5409145753243225,0.5120113974832721,0.5312321917821842,1.4949412805991809,Square
0.5329797917887114,0.5103755436053683,0.5254730064786421,1.505905504752674,Square
0.5328132536445306,0.5135691156219413,0.5249296594708606,1.4953423240959527,Square
0.40774368809955774,0.46868927178478975,0.40210032084331543,1.3549493250316587,Square
0.48857447177106317,0.418819432593111,0.48027683603035887,1.6644284537433987,Square
0.45152604341404373,0.4411443064679033,0.4444955600127118,1.5647113663120427,Square
0.377079371151824,0.32821092288681686,0.3750745491899942,1.6154155737468172,Square
0.4863231833836183,0.42569284577679367,0.4825621025541573,1.662556844878617,Square
0.6654404620172022,0.5318295611912046,0.6568914898533237,1.69688149316266,Square
0.4641378966148695,0.5514596416376565,0.4550091936831661,1.2379795472018198,Square
0.5760636033882454,0.5126366982685211,0.5676927949638647,1.6188017475710619,Square
0.6310518922478382,0.593264043918027,0.6236744153424578,1.4985907810438195,Square
0.5674562217460054,0.5593167877579818,0.558611606007981,1.4922181500031315,Square
0.5887070204966683,0.4852366877054939,0.579909316696675,1.6114830197955146,Square
0.4603271984839118,0.3524918481131175,0.4530713458741654,1.726700743238207,Square
0.3962862151051386,0.3836334455099037,0.3980303002294276,1.5196568797704724,Square
0.3243523393080712,0.4811934587544941,0.32023113769506945,1.0656562850618114,Square
0.5019184545511237,0.5087732170531347,0.49451750717357656,1.435817077819867,Square
0.3855575873323826,0.3567593886368436,0.37788099184056284,1.5187267907789856,Square
0.5162775656785963,0.45839839351958583,0.5064593446407558,1.5422916221371141,Square
0.3562529054363602,0.3938141588706952,0.35218854010392703,1.306954532318889,Square
0.5585744683014737,0.5325085799634499,0.5524011679601042,1.4479381563855622,Square
0.5179142870897794,0.389427507569745,0.5089733197988346,1.725173541723172,Square
0.41624415278886623,0.3559532788783964,0.4070279860946278,1.575570345533594,Square
0.5007224855525068,0.34631254941436107,0.4905313538806495,1.8436126778386768,Square
0.5169876970135618,0.48688352710801747,0.5149021062211228,1.5137179358492645,Square
0.44476780108091285,0.5404031952843558,0.4398326724371283,1.2383066825546167,Square
0.4111072522149342,0.33308121015242276,0.4081601908845174,1.6461397218093405,Square
0.4643655902124562,0.49566846831731304,0.45765767012140235,1.3760661687777298,Square
0.46444418467841286,0.4900836344711064,0.45746289875481144,1.3706313208436214,Square
0.38146628614561434,0.34076084365275894,0.3775468616322106,1.5674877898033137,Square
0.5038247514401863,0.41908056013975653,0.4954175233560766,1.6126877510238007,Square
0.34774561865601755,0.29921712879271006,0.3423204171393298,1.5586251743002564,Square
0.3868606342079968,0.5817442177055585,0.38099955494492743,1.0378424140618727,Square
0.44288851033573706,0.42383692212553326,0.43410855934774034,1.463613932223866,Square
0.48532198202539056,0.44598157680227146,0.4759133050246238,1.565244262268809,Square
0.5035542031378214,0.46875131769555606,0.49736605136740175,1.5009903782079073,Square
0.5389811493039028,0.4496515171092958,0.5322977758572204,1.7109710691449223,Square
0.386800872381278,0.36987371009287445,0.3792247768208322,1.5032015436348087,Square
0.4746992455181737,0.4062364268220151,0.46472993272559565,1.5195523594614029,Square
0.40398455406892425,0.3227211239431803,0.3968638466476195,1.6031958266730806,Square
0.4506771149583054,0.46679345352866014,0.44012890614218353,1.4058788086523575,Square
0.45170686376069125,0.43292703155737106,0.445357115211559,1.5202725198645213,Square
0.4873371029393726,0.6004620391579237,0.4789934944243557,1.2578494778950937,Square
0.3028864840043208,0.4835833834271556,0.29521478585601435,1.0091564353460285,Square
0.3441243639150855,0.33345374849875015,0.338024448554936,1.5221077227568878,Square
0.32603541957516746,0.2714827589252824,0.31827386906524935,1.5809105864419,Square
0.47815339742846663,0.4478805235732247,0.4692109168630366,1.4580565435546224,Square
0.39848029119327555,0.4196207332136513,0.39633309982051096,1.4399184394973685,Square
0.5279809308954353,0.47262264631433026,0.5223244391678032,1.5265525539100622,Square
0.5950633417650864,0.5005279800325024,0.5866279267509598,1.5124914589945122,Square
0.6008127820868866,0.5215146306236523,0.591797403019197,1.6280731250823572,Square
0.5281503402314826,0.4724528554546903,0.5144496225841568,1.4748146006984704,Square
0.3903140953328186,0.35860649325530014,0.3842657090049394,1.5109485493071966,Square
0.5003012138396169,0.49545707119363547,0.48793814440912897,1.438180785626848,Square
0.38609726124093896,0.37469873185363817,0.38164219144707034,1.4204901214527779,Square
0.3251672955345798,0.3053156293630175,0.31901167683898846,1.4610977462102084,Square
0.44549965486002113,0.42648237367044634,0.4389229717273114,1.4764445819600809,Square
0.4889453195782629,0.44188365440178423,0.4813003968826608,1.5298659921344349,Square
0.2924414218574904,0.3517338019705601,0.2860698541618273,1.2552961160703984,Square
0.508846421213234,0.44999359851272946,0.5037773987066915,1.6446498243953132,Square
0.2626191514224348,0.32734005123929033,0.2599512652152215,1.2951238022347349,Square
0.5368289712127462,0.5203355410893037,0.5311871388604942,1.4867164215443534,Square
0.46588985512922365,0.46965049029928,0.4582295799863812,1.4072218107720702,Square
0.5369481975726712,0.548250087127621,0.526619206273769,1.4309794819312336,Square
0.45621061472429164,0.49463531755850343,0.447573501542986,1.3468037368295533,Square
0.45741320462069174,0.44761778505188127,0.4504096923386088,1.4417043376319083,Square
0.4462327104244029,0.43055649392304995,0.4374088346531421,1.4448677430225723,Square
0.5416483721977018,0.6056469777958791,0.5329457194077729,1.3587701656472935,Square
0.5006950814551324,0.49466181212404153,0.48894253943685106,1.4356048070518563,Square
0.5178168762031258,0.4568443615325342,0.5092152266784316,1.4856593340485846,Square
0.5440176033606893,0.5094046848833406,0.5381766311272596,1.5139712454711776,Square
0.524243425655049,0.49151752434287216,0.5162783064414084,1.5007743642796125,Square
0.6269878478783121,0.7898622362557738,0.6159985527201881,1.1575265030159725,Square
0.5187991319096019,0.4266954015963498,0.5153994639004837,1.6921634748644834,Square
0.5512888462811435,0.47490497171561635,0.5418592173446731,1.6265633540555995,Square
0.47030681513991734,0.38821525952536057,0.46788104770622574,1.700931149162626,Square
0.4492708175732432,0.3335588424565955,0.4461408590482719,1.7642224098495916,Square
0.5276330162114599,0.436413470938353,0.5207337581323868,1.7498842202000433,Square
0.5316383171101529,0.47928827750913205,0.5209148586773923,1.546173136546024,Square
0.5678773242828296,0.453959654558962,0.5563784978904579,1.6859969092300298,Square
0.33766474909410477,0.39928472907868634,0.33141570159171585,1.327296872293417,Square
0.3848705425329831,0.39587846552922445,0.38157966330597776,1.4425894747903527,Square
0.48631454246715744,0.433601740831482,0.4772691459353803,1.5126499907699134,Square
0.4069337026970403,0.37868443239871596,0.4012020459174729,1.525813734956519,Square
0.5468532002089088,0.43158109014810514,0.536366240132028,1.688344603308571,Square
0.49503280173726943,0.3932463230028061,0.4852833481208358,1.6518492772949107,Square
0.5764621035179391,0.5083975815470272,0.5764852236802998,1.627986769453825,Square
0.5115173196377938,0.47596425641267603,0.5056854971049121,1.5069703922405324,Square
0.4198703566345566,0.3687834532766526,0.41156240654054815,1.5655212138472017,Square
0.5157182183910946,0.4687181783929174,0.5107003393425026,1.5687143385762796,Square
0.6134370003764213,0.5497764315440297,0.6037091142182202,1.5380111623678918,Square
0.6006918095338449,0.6936736801841823,0.5948985904564035,1.3402502358412893,Square
0.5594209152234496,0.4728657342675162,0.5527129437318514,1.5801960955672194,Square
